flight_id,plane_id,flight_plan_id
1,119,33
2,17,14
3,138,118
4,69,37
5,47,59
6,165,116
7,154,110
8,136,109
9,190,68
10,130,79
11,28,8
12,66,81
13,58,11
14,85,48
15,43,58
16,189,110
17,38,35
18,66,24
19,115,47
20,7,11
21,148,106
22,175,22
23,19,118
24,53,100
25,184,88
